username,email,gender,password
john_doe,john.doe@example.com,Male,$2b$10$eB0rPw4uSOhB16/cHuyJuOoJ5r3hRf2VY12UDbUZ69bVZ5HnQaSAO
jane_smith,jane.smith@example.com,Female,$2b$10$eB0rPw4uSOhB16/cHuyJuOoJ5r3hRf2VY12UDbUZ69bVZ5HnQaSAO
michael_brown,michael.brown@example.com,Male,$2b$10$eB0rPw4uSOhB16/cHuyJuOoJ5r3hRf2VY12UDbUZ69bVZ5HnQaSAO
emily_davis,emily.davis@example.com,Female,$2b$10$eB0rPw4uSOhB16/cHuyJuOoJ5r3hRf2VY12UDbUZ69bVZ5HnQaSAO
daniel_garcia,daniel.garcia@example.com,Male,$2b$10$eB0rPw4uSOhB16/cHuyJuOoJ5r3hRf2VY12UDbUZ69bVZ5HnQaSAO
sophia_martinez,sophia.martinez@example.com,Female,$2b$10$eB0rPw4uSOhB16/cHuyJuOoJ5r3hRf2VY12UDbUZ69bVZ5HnQaSAO
william_taylor,william.taylor@example.com,Male,$2b$10$eB0rPw4uSOhB16/cHuyJuOoJ5r3hRf2VY12UDbUZ69bVZ5HnQaSAO
olivia_anderson,olivia.anderson@example.com,Female,$2b$10$eB0rPw4uSOhB16/cHuyJuOoJ5r3hRf2VY12UDbUZ69bVZ5HnQaSAO
james_thomas,james.thomas@example.com,Male,$2b$10$eB0rPw4uSOhB16/cHuyJuOoJ5r3hRf2VY12UDbUZ69bVZ5HnQaSAO
ava_jackson,ava.jackson@example.com,Female,$2b$10$eB0rPw4uSOhB16/cHuyJuOoJ5r3hRf2VY12UDbUZ69bVZ5HnQaSAO
logan_white,logan.white@example.com,Male,$2b$10$eB0rPw4uSOhB16/cHuyJuOoJ5r3hRf2VY12UDbUZ69bVZ5HnQaSAO
mia_harris,mia.harris@example.com,Female,$2b$10$eB0rPw4uSOhB16/cHuyJuOoJ5r3hRf2VY12UDbUZ69bVZ5HnQaSAO
alex_clark,alex.clark@example.com,Male,$2b$10$eB0rPw4uSOhB16/cHuyJuOoJ5r3hRf2VY12UDbUZ69bVZ5HnQaSAO
isabella_robinson,isabella.robinson@example.com,Female,$2b$10$eB0rPw4uSOhB16/cHuyJuOoJ5r3hRf2VY12UDbUZ69bVZ5HnQaSAO
noah_lee,noah.lee@example.com,Male,$2b$10$eB0rPw4uSOhB16/cHuyJuOoJ5r3hRf2VY12UDbUZ69bVZ5HnQaSAO
amelia_scott,amelia.scott@example.com,Female,$2b$10$eB0rPw4uSOhB16/cHuyJuOoJ5r3hRf2VY12UDbUZ69bVZ5HnQaSAO
lucas_adams,lucas.adams@example.com,Male,$2b$10$eB0rPw4uSOhB16/cHuyJuOoJ5r3hRf2VY12UDbUZ69bVZ5HnQaSAO
emma_wright,emma.wright@example.com,Female,$2b$10$eB0rPw4uSOhB16/cHuyJuOoJ5r3hRf2VY12UDbUZ69bVZ5HnQaSAO
benjamin_green,benjamin.green@example.com,Male,$2b$10$eB0rPw4uSOhB16/cHuyJuOoJ5r3hRf2VY12UDbUZ69bVZ5HnQaSAO
sophia_baker,sophia.baker@example.com,Female,$2b$10$eB0rPw4uSOhB16/cHuyJuOoJ5r3hRf2VY12UDbUZ69bVZ5HnQaSAO
